country	year	pop	continent	lifeExp	gdpPercap
Cambodia	1997	11782962	Asia	56.534	734.28517
Cambodia	2002	12926707	Asia	56.752	896.2260153
Cambodia	2007	14131858	Asia	59.723	1713.778686
Poland	1997	38654957	Europe	72.75	10159.58368
Poland	2002	38625976	Europe	74.67	12002.23908
Poland	2007	38518241	Europe	75.563	15389.92468
Rwanda	1997	7212583	Africa	36.087	589.9445051
Rwanda	2002	7852401	Africa	43.413	785.6537648
Rwanda	2007	8860588	Africa	46.242	863.0884639
